{
  "UYP9-IXnNtU": {
    "user_name": "Vincent van Zalinge",
    "user_url": "https://unsplash.com/@vincentvanzalinge?utm_source=unsample&utm_medium=referral&utm_campaign=api-credit",
    "photo_url": "https://unsplash.com/photos/UYP9-IXnNtU?utm_source=unsample&utm_medium=referral&utm_campaign=api-credit"
  },
  "ore7ngkML20": {
    "user_name": "LOGAN WEAVER",
    "user_url": "https://unsplash.com/@lgnwvr?utm_source=unsample&utm_medium=referral&utm_campaign=api-credit",
    "photo_url": "https://unsplash.com/photos/ore7ngkML20?utm_source=unsample&utm_medium=referral&utm_campaign=api-credit"
  },
  "qK-FGju1AVk": {
    "user_name": "Steady Hand Co.",
    "user_url": "https://unsplash.com/@steadyhandco?utm_source=unsample&utm_medium=referral&utm_campaign=api-credit",
    "photo_url": "https://unsplash.com/photos/qK-FGju1AVk?utm_source=unsample&utm_medium=referral&utm_campaign=api-credit"
  },
  "2d8teDpdohg": {
    "user_name": "Isabela Kronemberger",
    "user_url": "https://unsplash.com/@kronemberger?utm_source=unsample&utm_medium=referral&utm_campaign=api-credit",
    "photo_url": "https://unsplash.com/photos/2d8teDpdohg?utm_source=unsample&utm_medium=referral&utm_campaign=api-credit"
  },
  "-y4HlWkoP3o": {
    "user_name": "Jonathan Cooper",
    "user_url": "https://unsplash.com/@theshuttervision?utm_source=unsample&utm_medium=referral&utm_campaign=api-credit",
    "photo_url": "https://unsplash.com/photos/-y4HlWkoP3o?utm_source=unsample&utm_medium=referral&utm_campaign=api-credit"
  }
}