{
  "POg3Z47YPkM": {
    "user_name": "Nathana Rebouças",
    "user_url": "https://unsplash.com/@nathanareboucas?utm_source=unsample&utm_medium=referral&utm_campaign=api-credit",
    "photo_url": "https://unsplash.com/photos/POg3Z47YPkM?utm_source=unsample&utm_medium=referral&utm_campaign=api-credit"
  },
  "7YVvzNAFFdE": {
    "user_name": "Markus Spiske",
    "user_url": "https://unsplash.com/@markusspiske?utm_source=unsample&utm_medium=referral&utm_campaign=api-credit",
    "photo_url": "https://unsplash.com/photos/7YVvzNAFFdE?utm_source=unsample&utm_medium=referral&utm_campaign=api-credit"
  },
  "m2hY9MLW7rU": {
    "user_name": "Nick Bolton",
    "user_url": "https://unsplash.com/@nickrbolton?utm_source=unsample&utm_medium=referral&utm_campaign=api-credit",
    "photo_url": "https://unsplash.com/photos/m2hY9MLW7rU?utm_source=unsample&utm_medium=referral&utm_campaign=api-credit"
  },
  "mC1q6BA4gHM": {
    "user_name": "Vidar Nordli-Mathisen",
    "user_url": "https://unsplash.com/@vidarnm?utm_source=unsample&utm_medium=referral&utm_campaign=api-credit",
    "photo_url": "https://unsplash.com/photos/mC1q6BA4gHM?utm_source=unsample&utm_medium=referral&utm_campaign=api-credit"
  },
  "6nRierJz200": {
    "user_name": "Crawford Jolly",
    "user_url": "https://unsplash.com/@crawford?utm_source=unsample&utm_medium=referral&utm_campaign=api-credit",
    "photo_url": "https://unsplash.com/photos/6nRierJz200?utm_source=unsample&utm_medium=referral&utm_campaign=api-credit"
  },
  "vmyNtq4Za8k": {
    "user_name": "Sara Cervera",
    "user_url": "https://unsplash.com/@saracervera?utm_source=unsample&utm_medium=referral&utm_campaign=api-credit",
    "photo_url": "https://unsplash.com/photos/vmyNtq4Za8k?utm_source=unsample&utm_medium=referral&utm_campaign=api-credit"
  },
  "U6r_fjv1YrI": {
    "user_name": "Dan Parlante",
    "user_url": "https://unsplash.com/@whoisdanp?utm_source=unsample&utm_medium=referral&utm_campaign=api-credit",
    "photo_url": "https://unsplash.com/photos/U6r_fjv1YrI?utm_source=unsample&utm_medium=referral&utm_campaign=api-credit"
  },
  "MyB0sCRWnlM": {
    "user_name": "Howard Bouchevereau",
    "user_url": "https://unsplash.com/@howardbouchevereau?utm_source=unsample&utm_medium=referral&utm_campaign=api-credit",
    "photo_url": "https://unsplash.com/photos/MyB0sCRWnlM?utm_source=unsample&utm_medium=referral&utm_campaign=api-credit"
  },
  "BsMo1fJT5eY": {
    "user_name": "Tim Oun",
    "user_url": "https://unsplash.com/@timoun?utm_source=unsample&utm_medium=referral&utm_campaign=api-credit",
    "photo_url": "https://unsplash.com/photos/BsMo1fJT5eY?utm_source=unsample&utm_medium=referral&utm_campaign=api-credit"
  },
  "HSe2TALXfU4": {
    "user_name": "Caleb Woods",
    "user_url": "https://unsplash.com/@caleb_woods?utm_source=unsample&utm_medium=referral&utm_campaign=api-credit",
    "photo_url": "https://unsplash.com/photos/HSe2TALXfU4?utm_source=unsample&utm_medium=referral&utm_campaign=api-credit"
  },
  "xGBGxskv3oA": {
    "user_name": "JR Korpa",
    "user_url": "https://unsplash.com/@korpa?utm_source=unsample&utm_medium=referral&utm_campaign=api-credit",
    "photo_url": "https://unsplash.com/photos/xGBGxskv3oA?utm_source=unsample&utm_medium=referral&utm_campaign=api-credit"
  },
  "KD26FvIFqVc": {
    "user_name": "Annie Spratt",
    "user_url": "https://unsplash.com/@anniespratt?utm_source=unsample&utm_medium=referral&utm_campaign=api-credit",
    "photo_url": "https://unsplash.com/photos/KD26FvIFqVc?utm_source=unsample&utm_medium=referral&utm_campaign=api-credit"
  },
  "wc_305prYBM": {
    "user_name": "Damir Kopezhanov",
    "user_url": "https://unsplash.com/@kpzhnv?utm_source=unsample&utm_medium=referral&utm_campaign=api-credit",
    "photo_url": "https://unsplash.com/photos/wc_305prYBM?utm_source=unsample&utm_medium=referral&utm_campaign=api-credit"
  },
  "UTOMCvWOlzE": {
    "user_name": "Daniil Silantev",
    "user_url": "https://unsplash.com/@betagamma?utm_source=unsample&utm_medium=referral&utm_campaign=api-credit",
    "photo_url": "https://unsplash.com/photos/UTOMCvWOlzE?utm_source=unsample&utm_medium=referral&utm_campaign=api-credit"
  },
  "sax9kbf6fvc": {
    "user_name": "Christian Wiediger",
    "user_url": "https://unsplash.com/@christianw?utm_source=unsample&utm_medium=referral&utm_campaign=api-credit",
    "photo_url": "https://unsplash.com/photos/sax9kbf6fvc?utm_source=unsample&utm_medium=referral&utm_campaign=api-credit"
  },
  "P6yYIRsvBCE": {
    "user_name": "Danil Sorokin",
    "user_url": "https://unsplash.com/@dvnil?utm_source=unsample&utm_medium=referral&utm_campaign=api-credit",
    "photo_url": "https://unsplash.com/photos/P6yYIRsvBCE?utm_source=unsample&utm_medium=referral&utm_campaign=api-credit"
  },
  "jKDazp5kr0k": {
    "user_name": "George Pagan III",
    "user_url": "https://unsplash.com/@gpthree?utm_source=unsample&utm_medium=referral&utm_campaign=api-credit",
    "photo_url": "https://unsplash.com/photos/jKDazp5kr0k?utm_source=unsample&utm_medium=referral&utm_campaign=api-credit"
  },
  "SVh18EWSBeQ": {
    "user_name": "Ilias Chebbi",
    "user_url": "https://unsplash.com/@briant_raw?utm_source=unsample&utm_medium=referral&utm_campaign=api-credit",
    "photo_url": "https://unsplash.com/photos/SVh18EWSBeQ?utm_source=unsample&utm_medium=referral&utm_campaign=api-credit"
  },
  "BvUYeb-s16U": {
    "user_name": "Bucography",
    "user_url": "https://unsplash.com/@buco_balkanessi?utm_source=unsample&utm_medium=referral&utm_campaign=api-credit",
    "photo_url": "https://unsplash.com/photos/BvUYeb-s16U?utm_source=unsample&utm_medium=referral&utm_campaign=api-credit"
  },
  "ctesnYqBVCw": {
    "user_name": "william f. santos",
    "user_url": "https://unsplash.com/@youwwwill?utm_source=unsample&utm_medium=referral&utm_campaign=api-credit",
    "photo_url": "https://unsplash.com/photos/ctesnYqBVCw?utm_source=unsample&utm_medium=referral&utm_campaign=api-credit"
  },
  "PMUhd1t3EGU": {
    "user_name": "Erik Mclean",
    "user_url": "https://unsplash.com/@introspectivedsgn?utm_source=unsample&utm_medium=referral&utm_campaign=api-credit",
    "photo_url": "https://unsplash.com/photos/PMUhd1t3EGU?utm_source=unsample&utm_medium=referral&utm_campaign=api-credit"
  },
  "t863gJ_L2ug": {
    "user_name": "Hua Thun Ho",
    "user_url": "https://unsplash.com/@skipsthun?utm_source=unsample&utm_medium=referral&utm_campaign=api-credit",
    "photo_url": "https://unsplash.com/photos/t863gJ_L2ug?utm_source=unsample&utm_medium=referral&utm_campaign=api-credit"
  },
  "tPK3IgpX6ik": {
    "user_name": "Vino Li",
    "user_url": "https://unsplash.com/@vinomamba24?utm_source=unsample&utm_medium=referral&utm_campaign=api-credit",
    "photo_url": "https://unsplash.com/photos/tPK3IgpX6ik?utm_source=unsample&utm_medium=referral&utm_campaign=api-credit"
  },
  "U7BMld8rjgE": {
    "user_name": "Manki Kim",
    "user_url": "https://unsplash.com/@kimdonkey?utm_source=unsample&utm_medium=referral&utm_campaign=api-credit",
    "photo_url": "https://unsplash.com/photos/U7BMld8rjgE?utm_source=unsample&utm_medium=referral&utm_campaign=api-credit"
  },
  "8zxJYcboYRE": {
    "user_name": "Greg Rosenke",
    "user_url": "https://unsplash.com/@greg_rosenke?utm_source=unsample&utm_medium=referral&utm_campaign=api-credit",
    "photo_url": "https://unsplash.com/photos/8zxJYcboYRE?utm_source=unsample&utm_medium=referral&utm_campaign=api-credit"
  },
  "CMy3k1vhqzU": {
    "user_name": "Kenzie Kraft",
    "user_url": "https://unsplash.com/@kenziekraft?utm_source=unsample&utm_medium=referral&utm_campaign=api-credit",
    "photo_url": "https://unsplash.com/photos/CMy3k1vhqzU?utm_source=unsample&utm_medium=referral&utm_campaign=api-credit"
  },
  "AZXQL0eOEwU": {
    "user_name": "Nathan Dumlao",
    "user_url": "https://unsplash.com/@nate_dumlao?utm_source=unsample&utm_medium=referral&utm_campaign=api-credit",
    "photo_url": "https://unsplash.com/photos/AZXQL0eOEwU?utm_source=unsample&utm_medium=referral&utm_campaign=api-credit"
  },
  "Y9PU6hHBL5w": {
    "user_name": "john vicente",
    "user_url": "https://unsplash.com/@john_vicente26?utm_source=unsample&utm_medium=referral&utm_campaign=api-credit",
    "photo_url": "https://unsplash.com/photos/Y9PU6hHBL5w?utm_source=unsample&utm_medium=referral&utm_campaign=api-credit"
  },
  "iznIKcawblw": {
    "user_name": "Vince Fleming",
    "user_url": "https://unsplash.com/@vincefleming?utm_source=unsample&utm_medium=referral&utm_campaign=api-credit",
    "photo_url": "https://unsplash.com/photos/iznIKcawblw?utm_source=unsample&utm_medium=referral&utm_campaign=api-credit"
  },
  "F2iCP_knaj8": {
    "user_name": "Ricardo Gomez Angel",
    "user_url": "https://unsplash.com/@ripato?utm_source=unsample&utm_medium=referral&utm_campaign=api-credit",
    "photo_url": "https://unsplash.com/photos/F2iCP_knaj8?utm_source=unsample&utm_medium=referral&utm_campaign=api-credit"
  }
}